504,50
504,52
505,54
506,56
506,58
507,61
508,63
508,65
509,67
510,69
510,71
511,73
512,75
512,77
513,79
514,81
514,83
515,85
516,87
516,89
517,91
518,93
519,95
519,97
520,99
521,101
521,103
522,105
523,107
523,109
524,111
525,113
525,115
526,117
527,119
527,121
528,123
529,125
529,127
530,129
531,131
531,133
532,135
533,137
533,139
534,141
535,143
535,145
506,51
506,53
507,55
508,57
508,59
509,61
510,63
510,65
511,67
512,69
512,71
513,73
514,75
514,77
515,79
516,81
516,83
517,85
518,87
518,89
519,91
520,93
520,95
521,97
522,99
522,101
523,103
524,105
524,107
525,109
526,111
526,113
527,115
528,117
528,119
529,121
530,123
530,125
531,127
532,129
532,131
533,133
534,135
534,137
535,139
536,141
536,144
507,51
508,53
509,55
509,57
510,59
511,61
511,63
512,65
513,67
513,69
514,71
515,73
515,75
516,77
517,79
517,81
518,83
519,85
519,87
520,89
521,91
521,93
522,95
523,97
523,99
524,102
525,104
525,106
526,108
527,110
527,112
528,114
529,116
529,118
530,120
531,122
531,124
532,126
533,128
533,130
534,132
535,134
535,136
536,138
537,140
510,53
511,55
511,57
512,60
513,62
513,64
514,66
515,68
515,70
516,72
517,74
517,76
518,78
519,80
519,82
520,84
521,86
521,88
522,90
523,92
523,94
524,96
525,98
525,100
526,102
527,104
527,106
528,108
529,110
529,112
530,114
531,116
531,118
532,120
533,122
533,124
534,126
535,128
535,130
536,132
537,134
537,136
538,138
512,54
512,56
513,58
514,60
514,62
515,64
516,66
516,68
517,70
518,72
518,74
519,76
520,78
520,80
521,82
522,84
522,86
523,88
524,90
524,92
525,94
526,96
526,98
527,100
528,102
528,104
529,106
530,108
530,110
531,112
532,114
532,116
533,118
534,120
534,122
535,124
536,126
536,128
537,130
538,132
513,54
514,56
515,58
515,60
516,62
517,64
517,66
518,68
519,70
520,72
520,74
521,76
522,78
522,80
523,82
524,84
524,86
525,88
526,90
526,92
527,94
528,96
528,98
529,100
530,103
530,105
531,107
532,109
532,111
533,113
534,115
534,117
535,119
536,121
536,123
537,125
538,127
538,129
539,131
515,54
516,56
517,58
517,61
518,63
519,65
519,67
520,69
521,71
521,73
522,75
523,77
523,79
524,81
525,83
525,85
526,87
527,89
527,91
528,93
529,95
529,97
530,99
531,101
531,103
532,105
533,107
533,109
534,111
535,113
535,115
536,117
537,119
537,121
538,123
539,125
517,55
518,57
518,59
519,61
520,63
520,65
521,67
522,69
522,71
523,73
524,75
524,77
525,79
526,81
526,83
527,85
528,87
528,89
529,91
530,93
530,95
531,97
532,99
532,101
533,103
534,105
534,107
535,109
536,111
536,113
537,115
538,117
538,119
539,121
540,123
519,55
520,57
520,59
521,61
522,63
522,65
523,67
524,69
524,71
525,73
526,75
526,77
527,79
528,81
528,83
529,85
530,87
530,89
531,91
532,93
532,95
533,97
534,99
534,102
535,104
536,106
536,108
537,110
538,112
538,114
539,116
540,118
540,120
521,55
521,57
522,60
523,62
523,64
524,66
525,68
525,70
526,72
527,74
527,76
528,78
529,80
529,82
530,84
531,86
531,88
532,90
533,92
533,94
534,96
535,98
535,100
536,102
537,104
537,106
538,108
539,110
539,112
540,114
541,116
523,56
523,58
524,60
525,62
525,64
526,66
527,68
527,70
528,72
529,74
529,76
530,78
531,80
531,82
532,84
533,86
533,88
534,90
535,92
535,94
536,96
537,98
537,100
538,102
539,104
539,106
540,108
541,110
541,112
525,58
526,60
526,62
527,64
528,66
528,68
529,70
530,72
530,74
531,76
532,78
532,80
533,82
534,84
534,86
535,88
536,90
536,92
537,94
538,96
538,98
539,101
540,103
540,105
541,107
542,109
542,111
527,59
527,61
528,63
529,65
529,67
530,69
531,71
531,73
532,75
533,77
533,79
534,81
535,83
535,85
536,87
537,89
537,91
538,93
539,95
539,97
540,99
541,101
541,103
542,105
543,107
529,59
529,61
530,63
531,65
531,67
532,69
533,71
533,73
534,75
535,77
535,79
536,81
537,83
537,85
538,87
539,89
539,91
540,93
541,95
541,97
542,99
543,101
543,103
544,105
530,59
531,61
532,63
532,65
533,67
534,69
534,71
535,73
536,75
536,77
537,79
538,81
538,83
539,85
540,87
540,89
541,91
542,93
542,95
543,97
544,99
532,60
533,62
534,64
534,66
535,68
536,70
536,72
537,74
538,76
538,78
539,80
540,82
540,84
541,86
542,88
542,90
543,92
544,94
544,96
545,98
534,60
535,62
535,64
536,66
537,68
537,70
538,72
539,74
539,76
540,78
541,80
541,82
542,84
543,86
543,88
544,90
545,92
536,60
536,62
537,64
538,66
538,68
539,70
540,72
540,74
541,76
542,78
542,80
543,82
544,84
544,86
545,88
546,90
538,61
538,63
539,65
540,67
540,69
541,71
542,73
542,75
543,77
544,79
544,81
545,83
546,85
546,87
540,63
541,65
541,67
542,69
543,71
543,73
544,75
545,77
545,79
546,81
547,83
542,63
543,65
543,67
544,69
545,71
545,73
546,75
547,77
547,79
544,64
544,66
545,68
546,70
546,72
547,74
548,76
548,78
545,64
546,66
547,68
547,70
548,72
549,74
547,64
548,66
549,68
549,70
549,65
550,67
551,65
